"name","why_ru","domain","rdap_status","rdap_checked_at","linkedin_http_status","instagram_page_title","social_checked_at","trademark_status"
"Thredvia","thread + via: путь задачи сквозь людей и системы.","thredvia.com","RDAP 404: no registration record at check time","2026-09-27T08:23:43.498Z","404","Instagram","2026-09-27T08:25:23.675Z","not checked; legal clearance required"
"Thredovia","образ одной нити, которая проводит работу от входа до результата.","thredovia.com","RDAP 404: no registration record at check time","2026-09-27T08:23:47.810Z","404","Instagram","2026-09-27T08:25:23.778Z","not checked; legal clearance required"
"Threadentra","нить, входящая в каждый этап процесса и соединяющая их.","threadentra.com","RDAP 404: no registration record at check time","2026-09-27T08:23:47.984Z","404","Instagram","2026-09-27T08:25:23.642Z","not checked; legal clearance required"
"Weavelis","weave: отдельные задачи сплетаются в управляемый процесс.","weavelis.com","RDAP 404: no registration record at check time","2026-09-27T08:23:43.910Z","404","Instagram","2026-09-27T08:25:24.967Z","not checked; legal clearance required"
"Weavendra","переплетение команд и инструментов в одну операционную систему.","weavendra.com","RDAP 404: no registration record at check time","2026-09-27T08:23:48.202Z","404","Instagram","2026-09-27T08:25:24.110Z","not checked; legal clearance required"
"Loomcenta","loom: центр, где разрозненные «нити» собираются в ткань процесса.","loomcenta.com","RDAP 404: no registration record at check time","2026-09-27T08:23:44.354Z","404","Instagram","2026-09-27T08:25:24.337Z","not checked; legal clearance required"
"Loomentia","ткацкий станок как метафора порядка и согласованной работы.","loomentia.com","RDAP 404: no registration record at check time","2026-09-27T08:23:44.507Z","404","Instagram","2026-09-27T08:25:24.711Z","not checked; legal clearance required"
"Loomancia","более мягкая, образная форма той же метафоры переплетения.","loomancia.com","RDAP 404: no registration record at check time","2026-09-27T08:23:48.453Z","404","Instagram","2026-09-27T08:25:24.870Z","not checked; legal clearance required"
"Loopmeria","повторяющиеся циклы, которые можно видеть и измерять.","loopmeria.com","RDAP 404: no registration record at check time","2026-09-27T08:23:48.595Z","404","Instagram","2026-09-27T08:25:25.936Z","not checked; legal clearance required"
"Loopcenta","центр управления повторяющейся работой, а не очередная разовая автоматизация.","loopcenta.com","RDAP 404: no registration record at check time","2026-09-27T08:23:48.641Z","404","Instagram","2026-09-27T08:25:25.543Z","not checked; legal clearance required"
"Routentia","route + intent: задача движется по осмысленному маршруту.","routentia.com","RDAP 404: no registration record at check time","2026-09-27T08:23:45.149Z","404","Instagram","2026-09-27T08:25:25.433Z","not checked; legal clearance required"
"Routelinea","чёткая линия прохождения процесса, видимая всем участникам.","routelinea.com","RDAP 404: no registration record at check time","2026-09-27T08:23:45.296Z","404","Instagram","2026-09-27T08:25:26.013Z","not checked; legal clearance required"
"Routelora","запоминаемая форма слова route: правильный путь для каждой задачи.","routelora.com","RDAP 404: no registration record at check time","2026-09-27T08:23:49.219Z","404","Instagram","2026-09-27T08:25:26.107Z","not checked; legal clearance required"
"Arcocerta","дуга/траектория процесса + уверенность в прохождении этапов.","arcocerta.com","RDAP 404: no registration record at check time","2026-09-27T08:23:45.343Z","404","Instagram","2026-09-27T08:25:26.567Z","not checked; legal clearance required"
"Arcomeris","дуга процесса и измерение результата; не только запуск, но и проверка эффекта.","arcomeris.com","RDAP 404: no registration record at check time","2026-09-27T08:23:49.597Z","404","Instagram","2026-09-27T08:25:26.673Z","not checked; legal clearance required"
"Arcalora","архитектура движения работы от запроса к завершению.","arcalora.com","RDAP 404: no registration record at check time","2026-09-27T08:23:49.738Z","404","Instagram","2026-09-27T08:25:26.677Z","not checked; legal clearance required"
"Gatecerta","контролируемые «ворота» согласования и надёжный переход дальше.","gatecerta.com","RDAP 404: no registration record at check time","2026-09-27T08:23:45.546Z","404","Instagram","2026-09-27T08:25:27.247Z","not checked; legal clearance required"
"Gatentia","намеренный контроль входов, решений и исключений.","gatentia.com","RDAP 404: no registration record at check time","2026-09-27T08:23:45.701Z","404","Instagram","2026-09-27T08:25:27.177Z","not checked; legal clearance required"
"Gateentra","точка входа и перехода задачи между этапами.","gateentra.com","RDAP 404: no registration record at check time","2026-09-27T08:23:49.878Z","404","Instagram","2026-09-27T08:25:27.275Z","not checked; legal clearance required"
"Gateventa","рабочий поток проходит нужные контрольные точки без тупиков.","gateventa.com","RDAP 404: no registration record at check time","2026-09-27T08:23:49.976Z","404","Instagram","2026-09-27T08:25:27.799Z","not checked; legal clearance required"
"Praxivis","практическое действие и ощутимый эффект, а не технология ради технологии.","praxivis.com","RDAP 404: no registration record at check time","2026-09-27T08:23:45.753Z","404","Instagram","2026-09-27T08:25:28.141Z","not checked; legal clearance required"
"Praxicerta","уверенное улучшение реальной практики работы.","praxicerta.com","RDAP 404: no registration record at check time","2026-09-27T08:23:50.305Z","404","Instagram","2026-09-27T08:25:32.188Z","not checked; legal clearance required"
"Praxielis","компактный бренд от praxis: работа с живыми процессами, а не абстракциями.","praxielis.com","RDAP 404: no registration record at check time","2026-09-27T08:23:50.352Z","404","Instagram","2026-09-27T08:25:28.456Z","not checked; legal clearance required"
"Opercerta","operations + certainty: надёжность исполнения операций.","opercerta.com","RDAP 404: no registration record at check time","2026-09-27T08:23:46.156Z","404","Instagram","2026-09-27T08:25:28.649Z","not checked; legal clearance required"
"Operevia","операции получают ясный путь к результату.","operevia.com","RDAP 404: no registration record at check time","2026-09-27T08:23:46.165Z","404","Instagram","2026-09-27T08:25:28.962Z","not checked; legal clearance required"
"Opermeris","операционные улучшения, которые можно измерить.","opermeris.com","RDAP 404: no registration record at check time","2026-09-27T08:23:50.679Z","404","Instagram","2026-09-27T08:25:29.189Z","not checked; legal clearance required"
"Opercenta","единый центр управления операционной работой.","opercenta.com","RDAP 404: no registration record at check time","2026-09-27T08:23:50.732Z","404","Instagram","2026-09-27T08:25:29.529Z","not checked; legal clearance required"
"Ichnelis","от греческого `ichnos` («след»): видимость фактического пути задачи.","ichnelis.com","RDAP 404: no registration record at check time","2026-09-27T08:23:46.581Z","404","Instagram","2026-09-27T08:25:29.728Z","not checked; legal clearance required"
"Ichnaris","тот же образ следа: найти узкие места по реальному прохождению работы.","ichnaris.com","RDAP 404: no registration record at check time","2026-09-27T08:23:46.582Z","404","Instagram","2026-09-27T08:25:30.203Z","not checked; legal clearance required"
"Ichnentra","след от входа задачи до решения и результата.","ichnentra.com","RDAP 404: no registration record at check time","2026-09-27T08:23:46.594Z","404","Instagram","2026-09-27T08:25:30.348Z","not checked; legal clearance required"
"Ichnovista","видеть путь и исключения, которые обычно теряются между системами.","ichnovista.com","RDAP 404: no registration record at check time","2026-09-27T08:23:51.394Z","404","Instagram","2026-09-27T08:25:30.833Z","not checked; legal clearance required"
"Daedovia","от Дедала: инженерно проложенный путь через сложную систему.","daedovia.com","RDAP 404: no registration record at check time","2026-09-27T08:23:46.735Z","404","Instagram","2026-09-27T08:25:31.177Z","not checked; legal clearance required"
"Daedentra","мастерство проектирования входов, переходов и выхода из «лабиринта».","daedentra.com","RDAP 404: no registration record at check time","2026-09-27T08:23:46.815Z","404","Instagram","2026-09-27T08:25:31.542Z","not checked; legal clearance required"
"Ariadova","от нити Ариадны: ясная логика движения в сложном процессе.","ariadova.com","RDAP 404: no registration record at check time","2026-09-27T08:23:46.818Z","404","Instagram","2026-09-27T08:25:31.723Z","not checked; legal clearance required"
"Ariadentra","нить Ариадны встречает задачу на входе и ведёт к выходу.","ariadentra.com","RDAP 404: no registration record at check time","2026-09-27T08:23:51.776Z","404","Instagram","2026-09-27T08:25:32.326Z","not checked; legal clearance required"
"Ariadelora","более мягкое мифологическое имя о поиске пути через сложность.","ariadelora.com","RDAP 404: no registration record at check time","2026-09-27T08:23:51.832Z","404","Instagram","2026-09-27T08:25:32.269Z","not checked; legal clearance required"
"Tracearis","наблюдаемый след каждой задачи, на котором строится улучшение.","tracearis.com","RDAP 404: no registration record at check time","2026-09-27T08:23:47.214Z","404","Instagram","2026-09-27T08:25:32.783Z","not checked; legal clearance required"
"Traceentra","отслеживание задачи с первого входа до завершения.","traceentra.com","RDAP 404: no registration record at check time","2026-09-27T08:23:52.031Z","404","Instagram","2026-09-27T08:25:32.898Z","not checked; legal clearance required"
"Clarimeris","ясность + измерение: сначала понять процесс, потом доказать эффект.","clarimeris.com","RDAP 404: no registration record at check time","2026-09-27T08:23:52.351Z","404","Instagram","2026-09-27T08:25:32.905Z","not checked; legal clearance required"
"Clarinoria","ясность там, где ежедневная работа прежде была непрозрачной.","clarinoria.com","RDAP 404: no registration record at check time","2026-09-27T08:23:52.408Z","404","Instagram","2026-09-27T08:25:33.407Z","not checked; legal clearance required"
"RelayHinge","передача задачи через шарнирную точку решения или согласования.","relayhinge.com","RDAP 404: no registration record at check time","2026-09-27T08:23:52.600Z","404","Instagram","2026-09-27T08:25:33.437Z","not checked; legal clearance required"
"ProcessHinge","момент, в котором процесс меняет направление; улучшать именно его.","processhinge.com","RDAP 404: no registration record at check time","2026-09-27T08:23:52.659Z","404","Instagram","2026-09-27T08:25:33.869Z","not checked; legal clearance required"
"TaskHinge","связующий механизм между задачей, решением и следующим шагом.","taskhinge.com","RDAP 404: no registration record at check time","2026-09-27T08:23:52.676Z","404","Instagram","2026-09-27T08:25:34.202Z","not checked; legal clearance required"
"RelaySplice","надёжно соединить передачу задач между командами и системами.","relaysplice.com","RDAP 404: no registration record at check time","2026-09-27T08:23:52.801Z","404","Instagram","2026-09-27T08:25:34.289Z","not checked; legal clearance required"
"ThreadSplice","соединить разорванные «нити» работы в цельную цепь.","threadsplice.com","RDAP 404: no registration record at check time","2026-09-27T08:23:52.928Z","404","Instagram","2026-09-27T08:25:34.368Z","not checked; legal clearance required"
"RouteKeel","киль держит курс; компания удерживает процесс на правильном маршруте.","routekeel.com","RDAP 404: no registration record at check time","2026-09-27T08:23:53.043Z","404","Instagram","2026-09-27T08:25:34.690Z","not checked; legal clearance required"
"LoopKeel","устойчивость и направление для повторяющихся рабочих циклов.","loopkeel.com","RDAP 404: no registration record at check time","2026-09-27T08:23:53.067Z","404","Instagram","2026-09-27T08:25:35.105Z","not checked; legal clearance required"
"ProcessTrellis","шпалера как каркас: порядок, поддерживающий сложный процесс.","processtrellis.com","RDAP 404: no registration record at check time","2026-09-27T08:23:53.237Z","404","Instagram","2026-09-27T08:25:34.992Z","not checked; legal clearance required"
"RelayTrellis","опорная структура для множества передач и зависимостей.","relaytrellis.com","RDAP 404: no registration record at check time","2026-09-27T08:23:53.255Z","404","Instagram","2026-09-27T08:25:35.565Z","not checked; legal clearance required"
"AriadArc","дуга прохождения через «лабиринт» с понятной нитью-ориентиром.","ariadarc.com","RDAP 404: no registration record at check time","2026-09-27T08:23:53.384Z","404","Instagram","2026-09-27T08:25:35.684Z","not checked; legal clearance required"
"AriadRoute","маршрут сквозь сложность, объяснимый через миф об Ариадне.","ariadroute.com","RDAP 404: no registration record at check time","2026-09-27T08:23:53.427Z","404","Instagram","2026-09-27T08:25:35.776Z","not checked; legal clearance required"
"AriadThread","нить Ариадны как прямой образ непрерывности процесса.","ariadthread.com","RDAP 404: no registration record at check time","2026-09-27T08:23:53.445Z","404","Instagram","2026-09-27T08:25:36.032Z","not checked; legal clearance required"
"GateMason","«строитель контрольных точек»: точная конструкция согласований.","gatemason.com","RDAP 404: no registration record at check time","2026-09-27T08:23:53.740Z","404","Instagram","2026-09-27T08:25:36.362Z","not checked; legal clearance required"
"RelayMason","проектирование прочных стыков между исполнителями.","relaymason.com","RDAP 404: no registration record at check time","2026-09-27T08:23:53.797Z","404","Instagram","2026-09-27T08:25:36.385Z","not checked; legal clearance required"
"LoopSpindle","веретено собирает повторяющиеся нити в управляемый цикл.","loopspindle.com","RDAP 404: no registration record at check time","2026-09-27T08:23:53.822Z","404","Instagram","2026-09-27T08:25:36.599Z","not checked; legal clearance required"
"RouteSpindle","последовательные операции собираются в единый маршрут.","routespindle.com","RDAP 404: no registration record at check time","2026-09-27T08:23:53.872Z","404","Instagram","2026-09-27T08:25:37.048Z","not checked; legal clearance required"
"RelaySpindle","передачи между людьми собираются в одну непрерывную цепь.","relayspindle.com","RDAP 404: no registration record at check time","2026-09-27T08:23:53.986Z","404","Instagram","2026-09-27T08:25:36.926Z","not checked; legal clearance required"
"OperLattice","решётка связей: операции, зависимости и решения видны как система.","operlattice.com","RDAP 404: no registration record at check time","2026-09-27T08:23:54.570Z","404","Instagram","2026-09-27T08:25:37.432Z","not checked; legal clearance required"
"ProcessSpan","перекрыть разрывы между этапами процесса единым управлением.","processspan.com","RDAP 404: no registration record at check time","2026-09-27T08:23:54.891Z","404","Instagram","2026-09-27T08:25:37.473Z","not checked; legal clearance required"
"ThreadTrellis","каркас, на котором множество рабочих нитей держит форму.","threadtrellis.com","RDAP 404: no registration record at check time","2026-09-27T08:23:53.257Z","404","Instagram","2026-09-27T08:25:37.775Z","not checked; legal clearance required"
