"name","why_ru","domain","rdap_observation","domain_checked_at","linkedin_http_status","instagram_page_title","social_checked_at","tmview_exact_observation","tmview_exact_url","tmview_fuzzy_observation","tmview_fuzzy_url","euipo_esearch_observation","euipo_esearch_url","osim_national_observation","wipo_madrid_observation","onrc_firm_name_observation","search_collision_note","legal_clearance"
"Thredvia","thread + via: путь задачи сквозь людей и системы.","thredvia.com","404: no registration record at check time","2026-09-27T08:57:39.148Z","404","Instagram (generic page; username availability unknown)","2026-09-27T08:39:40.739Z","No rows in TMview UI on 2026-09-27","https://www.tmdn.org/tmview/#/tmview/results?page=1&pageSize=30&criteria=I&basicSearch=Thredvia","No rows in TMview UI on 2026-09-27","https://www.tmdn.org/tmview/#/tmview/results?page=1&pageSize=30&criteria=F&basicSearch=Thredvia","Trade marks (0); No results on 2026-09-27","https://euipo.europa.eu/eSearch/#basic/1+1+1+1/100+100+100+100/Thredvia","NOT CHECKED: OSIM captcha quota","NOT CHECKED: public WIPO UI unavailable","NOT CHECKED: ONRC firm-name availability/reservation","","NOT CLEARED"
"Thredovia","образ одной нити, которая проводит работу от входа до результата.","thredovia.com","404: no registration record at check time","2026-09-27T08:57:41.897Z","404","Instagram (generic page; username availability unknown)","2026-09-27T08:39:40.526Z","No rows in TMview UI on 2026-09-27","https://www.tmdn.org/tmview/#/tmview/results?page=1&pageSize=30&criteria=I&basicSearch=Thredovia","No rows in TMview UI on 2026-09-27","https://www.tmdn.org/tmview/#/tmview/results?page=1&pageSize=30&criteria=F&basicSearch=Thredovia","Trade marks (0); No results on 2026-09-27","https://euipo.europa.eu/eSearch/#basic/1+1+1+1/100+100+100+100/Thredovia","NOT CHECKED: OSIM captcha quota","NOT CHECKED: public WIPO UI unavailable","NOT CHECKED: ONRC firm-name availability/reservation","","NOT CLEARED"
"Threadentra","нить, входящая в каждый этап процесса и соединяющая их.","threadentra.com","404: no registration record at check time","2026-09-27T08:57:42.011Z","404","Instagram (generic page; username availability unknown)","2026-09-27T08:39:40.545Z","No rows in TMview UI on 2026-09-27","https://www.tmdn.org/tmview/#/tmview/results?page=1&pageSize=30&criteria=I&basicSearch=Threadentra","No rows in TMview UI on 2026-09-27","https://www.tmdn.org/tmview/#/tmview/results?page=1&pageSize=30&criteria=F&basicSearch=Threadentra","Trade marks (0); No results on 2026-09-27","https://euipo.europa.eu/eSearch/#basic/1+1+1+1/100+100+100+100/Threadentra","NOT CHECKED: OSIM captcha quota","NOT CHECKED: public WIPO UI unavailable","NOT CHECKED: ONRC firm-name availability/reservation","","NOT CLEARED"
"Weavendra","переплетение команд и инструментов в одну операционную систему.","weavendra.com","404: no registration record at check time","2026-09-27T08:57:42.166Z","404","Instagram (generic page; username availability unknown)","2026-09-27T08:39:41.278Z","No rows in TMview UI on 2026-09-27","https://www.tmdn.org/tmview/#/tmview/results?page=1&pageSize=30&criteria=I&basicSearch=Weavendra","No rows in TMview UI on 2026-09-27","https://www.tmdn.org/tmview/#/tmview/results?page=1&pageSize=30&criteria=F&basicSearch=Weavendra","Trade marks (0); No results on 2026-09-27","https://euipo.europa.eu/eSearch/#basic/1+1+1+1/100+100+100+100/Weavendra","NOT CHECKED: OSIM captcha quota","NOT CHECKED: public WIPO UI unavailable","NOT CHECKED: ONRC firm-name availability/reservation","","NOT CLEARED"
"Loomcenta","loom: центр, где разрозненные «нити» собираются в ткань процесса.","loomcenta.com","404: no registration record at check time","2026-09-27T08:57:39.580Z","404","Instagram (generic page; username availability unknown)","2026-09-27T08:39:41.267Z","No rows in TMview UI on 2026-09-27","https://www.tmdn.org/tmview/#/tmview/results?page=1&pageSize=30&criteria=I&basicSearch=Loomcenta","No rows in TMview UI on 2026-09-27","https://www.tmdn.org/tmview/#/tmview/results?page=1&pageSize=30&criteria=F&basicSearch=Loomcenta","Trade marks (0); No results on 2026-09-27","https://euipo.europa.eu/eSearch/#basic/1+1+1+1/100+100+100+100/Loomcenta","NOT CHECKED: OSIM captcha quota","NOT CHECKED: public WIPO UI unavailable","NOT CHECKED: ONRC firm-name availability/reservation","","NOT CLEARED"
"Loomentia","ткацкий станок как метафора порядка и согласованной работы.","loomentia.com","404: no registration record at check time","2026-09-27T08:57:39.588Z","404","Instagram (generic page; username availability unknown)","2026-09-27T08:39:41.436Z","No rows in TMview UI on 2026-09-27","https://www.tmdn.org/tmview/#/tmview/results?page=1&pageSize=30&criteria=I&basicSearch=Loomentia","No rows in TMview UI on 2026-09-27","https://www.tmdn.org/tmview/#/tmview/results?page=1&pageSize=30&criteria=F&basicSearch=Loomentia","Trade marks (0); No results on 2026-09-27","https://euipo.europa.eu/eSearch/#basic/1+1+1+1/100+100+100+100/Loomentia","NOT CHECKED: OSIM captcha quota","NOT CHECKED: public WIPO UI unavailable","NOT CHECKED: ONRC firm-name availability/reservation","","NOT CLEARED"
"Loopcenta","центр управления повторяющейся работой, а не очередная разовая автоматизация.","loopcenta.com","404: no registration record at check time","2026-09-27T08:57:42.536Z","404","Instagram (generic page; username availability unknown)","2026-09-27T08:39:41.975Z","No rows in TMview UI on 2026-09-27","https://www.tmdn.org/tmview/#/tmview/results?page=1&pageSize=30&criteria=I&basicSearch=Loopcenta","No rows in TMview UI on 2026-09-27","https://www.tmdn.org/tmview/#/tmview/results?page=1&pageSize=30&criteria=F&basicSearch=Loopcenta","Trade marks (0); No results on 2026-09-27","https://euipo.europa.eu/eSearch/#basic/1+1+1+1/100+100+100+100/Loopcenta","NOT CHECKED: OSIM captcha quota","NOT CHECKED: public WIPO UI unavailable","NOT CHECKED: ONRC firm-name availability/reservation","","NOT CLEARED"
"Routelinea","чёткая линия прохождения процесса, видимая всем участникам.","routelinea.com","404: no registration record at check time","2026-09-27T08:57:40.130Z","404","Instagram (generic page; username availability unknown)","2026-09-27T08:39:41.998Z","No rows in TMview UI on 2026-09-27","https://www.tmdn.org/tmview/#/tmview/results?page=1&pageSize=30&criteria=I&basicSearch=Routelinea","No rows in TMview UI on 2026-09-27","https://www.tmdn.org/tmview/#/tmview/results?page=1&pageSize=30&criteria=F&basicSearch=Routelinea","Trade marks (0); No results on 2026-09-27","https://euipo.europa.eu/eSearch/#basic/1+1+1+1/100+100+100+100/Routelinea","NOT CHECKED: OSIM captcha quota","NOT CHECKED: public WIPO UI unavailable","NOT CHECKED: ONRC firm-name availability/reservation","","NOT CLEARED"
"Routelora","запоминаемая форма слова route: правильный путь для каждой задачи.","routelora.com","404: no registration record at check time","2026-09-27T08:57:42.954Z","404","Instagram (generic page; username availability unknown)","2026-09-27T08:39:42.317Z","No rows in TMview UI on 2026-09-27","https://www.tmdn.org/tmview/#/tmview/results?page=1&pageSize=30&criteria=I&basicSearch=Routelora","No rows in TMview UI on 2026-09-27","https://www.tmdn.org/tmview/#/tmview/results?page=1&pageSize=30&criteria=F&basicSearch=Routelora","Trade marks (0); No results on 2026-09-27","https://euipo.europa.eu/eSearch/#basic/1+1+1+1/100+100+100+100/Routelora","NOT CHECKED: OSIM captcha quota","NOT CHECKED: public WIPO UI unavailable","NOT CHECKED: ONRC firm-name availability/reservation","","NOT CLEARED"
"Arcocerta","дуга/траектория процесса + уверенность в прохождении этапов.","arcocerta.com","404: no registration record at check time","2026-09-27T08:57:40.242Z","404","Instagram (generic page; username availability unknown)","2026-09-27T08:39:42.558Z","No rows in TMview UI on 2026-09-27","https://www.tmdn.org/tmview/#/tmview/results?page=1&pageSize=30&criteria=I&basicSearch=Arcocerta","No rows in TMview UI on 2026-09-27","https://www.tmdn.org/tmview/#/tmview/results?page=1&pageSize=30&criteria=F&basicSearch=Arcocerta","Trade marks (0); No results on 2026-09-27","https://euipo.europa.eu/eSearch/#basic/1+1+1+1/100+100+100+100/Arcocerta","NOT CHECKED: OSIM captcha quota","NOT CHECKED: public WIPO UI unavailable","NOT CHECKED: ONRC firm-name availability/reservation","","NOT CLEARED"
"Arcomeris","дуга процесса и измерение результата; не только запуск, но и проверка эффекта.","arcomeris.com","404: no registration record at check time","2026-09-27T08:57:43.114Z","404","Instagram (generic page; username availability unknown)","2026-09-27T08:39:42.700Z","No rows in TMview UI on 2026-09-27","https://www.tmdn.org/tmview/#/tmview/results?page=1&pageSize=30&criteria=I&basicSearch=Arcomeris","No rows in TMview UI on 2026-09-27","https://www.tmdn.org/tmview/#/tmview/results?page=1&pageSize=30&criteria=F&basicSearch=Arcomeris","Trade marks (0); No results on 2026-09-27","https://euipo.europa.eu/eSearch/#basic/1+1+1+1/100+100+100+100/Arcomeris","NOT CHECKED: OSIM captcha quota","NOT CHECKED: public WIPO UI unavailable","NOT CHECKED: ONRC firm-name availability/reservation","","NOT CLEARED"
"Gatecerta","контролируемые «ворота» согласования и надёжный переход дальше.","gatecerta.com","404: no registration record at check time","2026-09-27T08:57:40.399Z","404","Instagram (generic page; username availability unknown)","2026-09-27T08:39:42.985Z","No rows in TMview UI on 2026-09-27","https://www.tmdn.org/tmview/#/tmview/results?page=1&pageSize=30&criteria=I&basicSearch=Gatecerta","No rows in TMview UI on 2026-09-27","https://www.tmdn.org/tmview/#/tmview/results?page=1&pageSize=30&criteria=F&basicSearch=Gatecerta","Trade marks (0); No results on 2026-09-27","https://euipo.europa.eu/eSearch/#basic/1+1+1+1/100+100+100+100/Gatecerta","NOT CHECKED: OSIM captcha quota","NOT CHECKED: public WIPO UI unavailable","NOT CHECKED: ONRC firm-name availability/reservation","","NOT CLEARED"
"Gateventa","рабочий поток проходит нужные контрольные точки без тупиков.","gateventa.com","404: no registration record at check time","2026-09-27T08:57:43.409Z","404","Instagram (generic page; username availability unknown)","2026-09-27T08:39:43.165Z","No rows in TMview UI on 2026-09-27","https://www.tmdn.org/tmview/#/tmview/results?page=1&pageSize=30&criteria=I&basicSearch=Gateventa","No rows in TMview UI on 2026-09-27","https://www.tmdn.org/tmview/#/tmview/results?page=1&pageSize=30&criteria=F&basicSearch=Gateventa","Trade marks (0); No results on 2026-09-27","https://euipo.europa.eu/eSearch/#basic/1+1+1+1/100+100+100+100/Gateventa","NOT CHECKED: OSIM captcha quota","NOT CHECKED: public WIPO UI unavailable","NOT CHECKED: ONRC firm-name availability/reservation","","NOT CLEARED"
"Praxicerta","уверенное улучшение реальной практики работы.","praxicerta.com","404: no registration record at check time","2026-09-27T08:57:43.677Z","404","Instagram (generic page; username availability unknown)","2026-09-27T08:39:43.305Z","No rows in TMview UI on 2026-09-27","https://www.tmdn.org/tmview/#/tmview/results?page=1&pageSize=30&criteria=I&basicSearch=Praxicerta","No rows in TMview UI on 2026-09-27","https://www.tmdn.org/tmview/#/tmview/results?page=1&pageSize=30&criteria=F&basicSearch=Praxicerta","Trade marks (0); No results on 2026-09-27","https://euipo.europa.eu/eSearch/#basic/1+1+1+1/100+100+100+100/Praxicerta","NOT CHECKED: OSIM captcha quota","NOT CHECKED: public WIPO UI unavailable","NOT CHECKED: ONRC firm-name availability/reservation","","NOT CLEARED"
"Operevia","операции получают ясный путь к результату.","operevia.com","404: no registration record at check time","2026-09-27T08:57:40.795Z","404","Instagram (generic page; username availability unknown)","2026-09-27T08:39:43.622Z","No rows in TMview UI on 2026-09-27","https://www.tmdn.org/tmview/#/tmview/results?page=1&pageSize=30&criteria=I&basicSearch=Operevia","No rows in TMview UI on 2026-09-27","https://www.tmdn.org/tmview/#/tmview/results?page=1&pageSize=30&criteria=F&basicSearch=Operevia","Trade marks (0); No results on 2026-09-27","https://euipo.europa.eu/eSearch/#basic/1+1+1+1/100+100+100+100/Operevia","NOT CHECKED: OSIM captcha quota","NOT CHECKED: public WIPO UI unavailable","NOT CHECKED: ONRC firm-name availability/reservation","","NOT CLEARED"
"Ichnelis","от греческого `ichnos` («след»): видимость фактического пути задачи.","ichnelis.com","404: no registration record at check time","2026-09-27T08:57:41.429Z","404","Instagram (generic page; username availability unknown)","2026-09-27T08:39:43.851Z","No rows in TMview UI on 2026-09-27","https://www.tmdn.org/tmview/#/tmview/results?page=1&pageSize=30&criteria=I&basicSearch=Ichnelis","No rows in TMview UI on 2026-09-27","https://www.tmdn.org/tmview/#/tmview/results?page=1&pageSize=30&criteria=F&basicSearch=Ichnelis","Trade marks (0); No results on 2026-09-27","https://euipo.europa.eu/eSearch/#basic/1+1+1+1/100+100+100+100/Ichnelis","NOT CHECKED: OSIM captcha quota","NOT CHECKED: public WIPO UI unavailable","NOT CHECKED: ONRC firm-name availability/reservation","","NOT CLEARED"
"Ichnaris","тот же образ следа: найти узкие места по реальному прохождению работы.","ichnaris.com","404: no registration record at check time","2026-09-27T08:57:41.067Z","404","Instagram (generic page; username availability unknown)","2026-09-27T08:39:44.107Z","No rows in TMview UI on 2026-09-27","https://www.tmdn.org/tmview/#/tmview/results?page=1&pageSize=30&criteria=I&basicSearch=Ichnaris","No rows in TMview UI on 2026-09-27","https://www.tmdn.org/tmview/#/tmview/results?page=1&pageSize=30&criteria=F&basicSearch=Ichnaris","Trade marks (0); No results on 2026-09-27","https://euipo.europa.eu/eSearch/#basic/1+1+1+1/100+100+100+100/Ichnaris","NOT CHECKED: OSIM captcha quota","NOT CHECKED: public WIPO UI unavailable","NOT CHECKED: ONRC firm-name availability/reservation","","NOT CLEARED"
"Ichnentra","след от входа задачи до решения и результата.","ichnentra.com","404: no registration record at check time","2026-09-27T08:57:41.064Z","404","Instagram (generic page; username availability unknown)","2026-09-27T08:39:44.227Z","No rows in TMview UI on 2026-09-27","https://www.tmdn.org/tmview/#/tmview/results?page=1&pageSize=30&criteria=I&basicSearch=Ichnentra","No rows in TMview UI on 2026-09-27","https://www.tmdn.org/tmview/#/tmview/results?page=1&pageSize=30&criteria=F&basicSearch=Ichnentra","Trade marks (0); No results on 2026-09-27","https://euipo.europa.eu/eSearch/#basic/1+1+1+1/100+100+100+100/Ichnentra","NOT CHECKED: OSIM captcha quota","NOT CHECKED: public WIPO UI unavailable","NOT CHECKED: ONRC firm-name availability/reservation","","NOT CLEARED"
"Ichnovista","видеть путь и исключения, которые обычно теряются между системами.","ichnovista.com","404: no registration record at check time","2026-09-27T08:57:44.467Z","404","Instagram (generic page; username availability unknown)","2026-09-27T08:39:45.127Z","No rows in TMview UI on 2026-09-27","https://www.tmdn.org/tmview/#/tmview/results?page=1&pageSize=30&criteria=I&basicSearch=Ichnovista","No rows in TMview UI on 2026-09-27","https://www.tmdn.org/tmview/#/tmview/results?page=1&pageSize=30&criteria=F&basicSearch=Ichnovista","Trade marks (0); No results on 2026-09-27","https://euipo.europa.eu/eSearch/#basic/1+1+1+1/100+100+100+100/Ichnovista","NOT CHECKED: OSIM captcha quota","NOT CHECKED: public WIPO UI unavailable","NOT CHECKED: ONRC firm-name availability/reservation","","NOT CLEARED"
"Daedovia","от Дедала: инженерно проложенный путь через сложную систему.","daedovia.com","404: no registration record at check time","2026-09-27T08:57:41.082Z","404","Instagram (generic page; username availability unknown)","2026-09-27T08:39:44.712Z","No rows in TMview UI on 2026-09-27","https://www.tmdn.org/tmview/#/tmview/results?page=1&pageSize=30&criteria=I&basicSearch=Daedovia","No rows in TMview UI on 2026-09-27","https://www.tmdn.org/tmview/#/tmview/results?page=1&pageSize=30&criteria=F&basicSearch=Daedovia","Trade marks (0); No results on 2026-09-27","https://euipo.europa.eu/eSearch/#basic/1+1+1+1/100+100+100+100/Daedovia","NOT CHECKED: OSIM captcha quota","NOT CHECKED: public WIPO UI unavailable","NOT CHECKED: ONRC firm-name availability/reservation","","NOT CLEARED"
"Daedentra","мастерство проектирования входов, переходов и выхода из «лабиринта».","daedentra.com","404: no registration record at check time","2026-09-27T08:57:41.084Z","404","Instagram (generic page; username availability unknown)","2026-09-27T08:39:44.737Z","No rows in TMview UI on 2026-09-27","https://www.tmdn.org/tmview/#/tmview/results?page=1&pageSize=30&criteria=I&basicSearch=Daedentra","No rows in TMview UI on 2026-09-27","https://www.tmdn.org/tmview/#/tmview/results?page=1&pageSize=30&criteria=F&basicSearch=Daedentra","Trade marks (0); No results on 2026-09-27","https://euipo.europa.eu/eSearch/#basic/1+1+1+1/100+100+100+100/Daedentra","NOT CHECKED: OSIM captcha quota","NOT CHECKED: public WIPO UI unavailable","NOT CHECKED: ONRC firm-name availability/reservation","","NOT CLEARED"
"Ariadentra","нить Ариадны встречает задачу на входе и ведёт к выходу.","ariadentra.com","404: no registration record at check time","2026-09-27T08:57:44.744Z","404","Instagram (generic page; username availability unknown)","2026-09-27T08:39:46.011Z","No rows in TMview UI on 2026-09-27","https://www.tmdn.org/tmview/#/tmview/results?page=1&pageSize=30&criteria=I&basicSearch=Ariadentra","No rows in TMview UI on 2026-09-27","https://www.tmdn.org/tmview/#/tmview/results?page=1&pageSize=30&criteria=F&basicSearch=Ariadentra","Trade marks (0); No results on 2026-09-27","https://euipo.europa.eu/eSearch/#basic/1+1+1+1/100+100+100+100/Ariadentra","NOT CHECKED: OSIM captcha quota","NOT CHECKED: public WIPO UI unavailable","NOT CHECKED: ONRC firm-name availability/reservation","ARIAD is an existing brand stem; assess similarity by country/class","NOT CLEARED"
"Ariadelora","более мягкое мифологическое имя о поиске пути через сложность.","ariadelora.com","404: no registration record at check time","2026-09-27T08:57:44.745Z","404","Instagram (generic page; username availability unknown)","2026-09-27T08:39:45.243Z","No rows in TMview UI on 2026-09-27","https://www.tmdn.org/tmview/#/tmview/results?page=1&pageSize=30&criteria=I&basicSearch=Ariadelora","No rows in TMview UI on 2026-09-27","https://www.tmdn.org/tmview/#/tmview/results?page=1&pageSize=30&criteria=F&basicSearch=Ariadelora","Trade marks (0); No results on 2026-09-27","https://euipo.europa.eu/eSearch/#basic/1+1+1+1/100+100+100+100/Ariadelora","NOT CHECKED: OSIM captcha quota","NOT CHECKED: public WIPO UI unavailable","NOT CHECKED: ONRC firm-name availability/reservation","ARIAD is an existing brand stem; assess similarity by country/class","NOT CLEARED"
"Traceentra","отслеживание задачи с первого входа до завершения.","traceentra.com","404: no registration record at check time","2026-09-27T08:57:44.898Z","404","Instagram (generic page; username availability unknown)","2026-09-27T08:39:45.769Z","No rows in TMview UI on 2026-09-27","https://www.tmdn.org/tmview/#/tmview/results?page=1&pageSize=30&criteria=I&basicSearch=Traceentra","No rows in TMview UI on 2026-09-27","https://www.tmdn.org/tmview/#/tmview/results?page=1&pageSize=30&criteria=F&basicSearch=Traceentra","Trade marks (0); No results on 2026-09-27","https://euipo.europa.eu/eSearch/#basic/1+1+1+1/100+100+100+100/Traceentra","NOT CHECKED: OSIM captcha quota","NOT CHECKED: public WIPO UI unavailable","NOT CHECKED: ONRC firm-name availability/reservation","","NOT CLEARED"
"Clarinoria","ясность там, где ежедневная работа прежде была непрозрачной.","clarinoria.com","404: no registration record at check time","2026-09-27T08:57:45.169Z","404","Instagram (generic page; username availability unknown)","2026-09-27T08:39:45.911Z","No rows in TMview UI on 2026-09-27","https://www.tmdn.org/tmview/#/tmview/results?page=1&pageSize=30&criteria=I&basicSearch=Clarinoria","No rows in TMview UI on 2026-09-27","https://www.tmdn.org/tmview/#/tmview/results?page=1&pageSize=30&criteria=F&basicSearch=Clarinoria","Trade marks (0); No results on 2026-09-27","https://euipo.europa.eu/eSearch/#basic/1+1+1+1/100+100+100+100/Clarinoria","NOT CHECKED: OSIM captcha quota","NOT CHECKED: public WIPO UI unavailable","NOT CHECKED: ONRC firm-name availability/reservation","","NOT CLEARED"
"RelayHinge","передача задачи через шарнирную точку решения или согласования.","relayhinge.com","404: no registration record at check time","2026-09-27T08:57:45.298Z","404","Instagram (generic page; username availability unknown)","2026-09-27T08:39:46.351Z","No rows in TMview UI on 2026-09-27","https://www.tmdn.org/tmview/#/tmview/results?page=1&pageSize=30&criteria=I&basicSearch=RelayHinge","No rows in TMview UI on 2026-09-27","https://www.tmdn.org/tmview/#/tmview/results?page=1&pageSize=30&criteria=F&basicSearch=RelayHinge","Trade marks (0); No results on 2026-09-27","https://euipo.europa.eu/eSearch/#basic/1+1+1+1/100+100+100+100/RelayHinge","NOT CHECKED: OSIM captcha quota","NOT CHECKED: public WIPO UI unavailable","NOT CHECKED: ONRC firm-name availability/reservation","","NOT CLEARED"
"ProcessHinge","момент, в котором процесс меняет направление; улучшать именно его.","processhinge.com","404: no registration record at check time","2026-09-27T08:57:45.324Z","404","Instagram (generic page; username availability unknown)","2026-09-27T08:39:46.586Z","No rows in TMview UI on 2026-09-27","https://www.tmdn.org/tmview/#/tmview/results?page=1&pageSize=30&criteria=I&basicSearch=ProcessHinge","No rows in TMview UI on 2026-09-27","https://www.tmdn.org/tmview/#/tmview/results?page=1&pageSize=30&criteria=F&basicSearch=ProcessHinge","Trade marks (0); No results on 2026-09-27","https://euipo.europa.eu/eSearch/#basic/1+1+1+1/100+100+100+100/ProcessHinge","NOT CHECKED: OSIM captcha quota","NOT CHECKED: public WIPO UI unavailable","NOT CHECKED: ONRC firm-name availability/reservation","","NOT CLEARED"
"TaskHinge","связующий механизм между задачей, решением и следующим шагом.","taskhinge.com","404: no registration record at check time","2026-09-27T08:57:45.381Z","404","Instagram (generic page; username availability unknown)","2026-09-27T08:39:46.662Z","No rows in TMview UI on 2026-09-27","https://www.tmdn.org/tmview/#/tmview/results?page=1&pageSize=30&criteria=I&basicSearch=TaskHinge","No rows in TMview UI on 2026-09-27","https://www.tmdn.org/tmview/#/tmview/results?page=1&pageSize=30&criteria=F&basicSearch=TaskHinge","Trade marks (0); No results on 2026-09-27","https://euipo.europa.eu/eSearch/#basic/1+1+1+1/100+100+100+100/TaskHinge","NOT CHECKED: OSIM captcha quota","NOT CHECKED: public WIPO UI unavailable","NOT CHECKED: ONRC firm-name availability/reservation","","NOT CLEARED"
"RelaySplice","надёжно соединить передачу задач между командами и системами.","relaysplice.com","404: no registration record at check time","2026-09-27T08:57:45.437Z","404","Instagram (generic page; username availability unknown)","2026-09-27T08:39:46.995Z","No rows in TMview UI on 2026-09-27","https://www.tmdn.org/tmview/#/tmview/results?page=1&pageSize=30&criteria=I&basicSearch=RelaySplice","No rows in TMview UI on 2026-09-27","https://www.tmdn.org/tmview/#/tmview/results?page=1&pageSize=30&criteria=F&basicSearch=RelaySplice","Trade marks (0); No results on 2026-09-27","https://euipo.europa.eu/eSearch/#basic/1+1+1+1/100+100+100+100/RelaySplice","NOT CHECKED: OSIM captcha quota","NOT CHECKED: public WIPO UI unavailable","NOT CHECKED: ONRC firm-name availability/reservation","","NOT CLEARED"
"ThreadSplice","соединить разорванные «нити» работы в цельную цепь.","threadsplice.com","404: no registration record at check time","2026-09-27T08:57:45.563Z","404","Instagram (generic page; username availability unknown)","2026-09-27T08:39:47.300Z","No rows in TMview UI on 2026-09-27","https://www.tmdn.org/tmview/#/tmview/results?page=1&pageSize=30&criteria=I&basicSearch=ThreadSplice","No rows in TMview UI on 2026-09-27","https://www.tmdn.org/tmview/#/tmview/results?page=1&pageSize=30&criteria=F&basicSearch=ThreadSplice","Trade marks (0); No results on 2026-09-27","https://euipo.europa.eu/eSearch/#basic/1+1+1+1/100+100+100+100/ThreadSplice","NOT CHECKED: OSIM captcha quota","NOT CHECKED: public WIPO UI unavailable","NOT CHECKED: ONRC firm-name availability/reservation","","NOT CLEARED"
"RouteKeel","киль держит курс; компания удерживает процесс на правильном маршруте.","routekeel.com","404: no registration record at check time","2026-09-27T08:57:45.588Z","404","Instagram (generic page; username availability unknown)","2026-09-27T08:39:47.286Z","No rows in TMview UI on 2026-09-27","https://www.tmdn.org/tmview/#/tmview/results?page=1&pageSize=30&criteria=I&basicSearch=RouteKeel","No rows in TMview UI on 2026-09-27","https://www.tmdn.org/tmview/#/tmview/results?page=1&pageSize=30&criteria=F&basicSearch=RouteKeel","Trade marks (0); No results on 2026-09-27","https://euipo.europa.eu/eSearch/#basic/1+1+1+1/100+100+100+100/RouteKeel","NOT CHECKED: OSIM captcha quota","NOT CHECKED: public WIPO UI unavailable","NOT CHECKED: ONRC firm-name availability/reservation","","NOT CLEARED"
"LoopKeel","устойчивость и направление для повторяющихся рабочих циклов.","loopkeel.com","404: no registration record at check time","2026-09-27T08:57:45.697Z","404","Instagram (generic page; username availability unknown)","2026-09-27T08:39:47.720Z","No rows in TMview UI on 2026-09-27","https://www.tmdn.org/tmview/#/tmview/results?page=1&pageSize=30&criteria=I&basicSearch=LoopKeel","No rows in TMview UI on 2026-09-27","https://www.tmdn.org/tmview/#/tmview/results?page=1&pageSize=30&criteria=F&basicSearch=LoopKeel","Trade marks (0); No results on 2026-09-27","https://euipo.europa.eu/eSearch/#basic/1+1+1+1/100+100+100+100/LoopKeel","NOT CHECKED: OSIM captcha quota","NOT CHECKED: public WIPO UI unavailable","NOT CHECKED: ONRC firm-name availability/reservation","","NOT CLEARED"
"ProcessTrellis","шпалера как каркас: порядок, поддерживающий сложный процесс.","processtrellis.com","404: no registration record at check time","2026-09-27T08:57:45.715Z","404","Instagram (generic page; username availability unknown)","2026-09-27T08:39:47.816Z","No rows in TMview UI on 2026-09-27","https://www.tmdn.org/tmview/#/tmview/results?page=1&pageSize=30&criteria=I&basicSearch=ProcessTrellis","No rows in TMview UI on 2026-09-27","https://www.tmdn.org/tmview/#/tmview/results?page=1&pageSize=30&criteria=F&basicSearch=ProcessTrellis","Trade marks (0); No results on 2026-09-27","https://euipo.europa.eu/eSearch/#basic/1+1+1+1/100+100+100+100/ProcessTrellis","NOT CHECKED: OSIM captcha quota","NOT CHECKED: public WIPO UI unavailable","NOT CHECKED: ONRC firm-name availability/reservation","","NOT CLEARED"
"RelayTrellis","опорная структура для множества передач и зависимостей.","relaytrellis.com","404: no registration record at check time","2026-09-27T08:57:45.836Z","404","Instagram (generic page; username availability unknown)","2026-09-27T08:39:47.810Z","No rows in TMview UI on 2026-09-27","https://www.tmdn.org/tmview/#/tmview/results?page=1&pageSize=30&criteria=I&basicSearch=RelayTrellis","No rows in TMview UI on 2026-09-27","https://www.tmdn.org/tmview/#/tmview/results?page=1&pageSize=30&criteria=F&basicSearch=RelayTrellis","Trade marks (0); No results on 2026-09-27","https://euipo.europa.eu/eSearch/#basic/1+1+1+1/100+100+100+100/RelayTrellis","NOT CHECKED: OSIM captcha quota","NOT CHECKED: public WIPO UI unavailable","NOT CHECKED: ONRC firm-name availability/reservation","","NOT CLEARED"
"AriadArc","дуга прохождения через «лабиринт» с понятной нитью-ориентиром.","ariadarc.com","404: no registration record at check time","2026-09-27T08:57:45.849Z","404","Instagram (generic page; username availability unknown)","2026-09-27T08:39:48.479Z","No rows in TMview UI on 2026-09-27","https://www.tmdn.org/tmview/#/tmview/results?page=1&pageSize=30&criteria=I&basicSearch=AriadArc","No rows in TMview UI on 2026-09-27","https://www.tmdn.org/tmview/#/tmview/results?page=1&pageSize=30&criteria=F&basicSearch=AriadArc","Trade marks (0); No results on 2026-09-27","https://euipo.europa.eu/eSearch/#basic/1+1+1+1/100+100+100+100/AriadArc","NOT CHECKED: OSIM captcha quota","NOT CHECKED: public WIPO UI unavailable","NOT CHECKED: ONRC firm-name availability/reservation","ARIAD is an existing brand stem; assess similarity by country/class","NOT CLEARED"
"AriadRoute","маршрут сквозь сложность, объяснимый через миф об Ариадне.","ariadroute.com","404: no registration record at check time","2026-09-27T08:57:45.859Z","404","Instagram (generic page; username availability unknown)","2026-09-27T08:39:48.343Z","No rows in TMview UI on 2026-09-27","https://www.tmdn.org/tmview/#/tmview/results?page=1&pageSize=30&criteria=I&basicSearch=AriadRoute","No rows in TMview UI on 2026-09-27","https://www.tmdn.org/tmview/#/tmview/results?page=1&pageSize=30&criteria=F&basicSearch=AriadRoute","Trade marks (0); No results on 2026-09-27","https://euipo.europa.eu/eSearch/#basic/1+1+1+1/100+100+100+100/AriadRoute","NOT CHECKED: OSIM captcha quota","NOT CHECKED: public WIPO UI unavailable","NOT CHECKED: ONRC firm-name availability/reservation","ARIAD is an existing brand stem; assess similarity by country/class","NOT CLEARED"
"AriadThread","нить Ариадны как прямой образ непрерывности процесса.","ariadthread.com","404: no registration record at check time","2026-09-27T08:57:45.968Z","404","Instagram (generic page; username availability unknown)","2026-09-27T08:39:49.373Z","No rows in TMview UI on 2026-09-27","https://www.tmdn.org/tmview/#/tmview/results?page=1&pageSize=30&criteria=I&basicSearch=AriadThread","No rows in TMview UI on 2026-09-27","https://www.tmdn.org/tmview/#/tmview/results?page=1&pageSize=30&criteria=F&basicSearch=AriadThread","Trade marks (0); No results on 2026-09-27","https://euipo.europa.eu/eSearch/#basic/1+1+1+1/100+100+100+100/AriadThread","NOT CHECKED: OSIM captcha quota","NOT CHECKED: public WIPO UI unavailable","NOT CHECKED: ONRC firm-name availability/reservation","ARIAD is an existing brand stem; assess similarity by country/class","NOT CLEARED"
"GateMason","«строитель контрольных точек»: точная конструкция согласований.","gatemason.com","404: no registration record at check time","2026-09-27T08:57:46.117Z","404","Instagram (generic page; username availability unknown)","2026-09-27T08:39:48.851Z","No rows in TMview UI on 2026-09-27","https://www.tmdn.org/tmview/#/tmview/results?page=1&pageSize=30&criteria=I&basicSearch=GateMason","No rows in TMview UI on 2026-09-27","https://www.tmdn.org/tmview/#/tmview/results?page=1&pageSize=30&criteria=F&basicSearch=GateMason","Trade marks (0); No results on 2026-09-27","https://euipo.europa.eu/eSearch/#basic/1+1+1+1/100+100+100+100/GateMason","NOT CHECKED: OSIM captcha quota","NOT CHECKED: public WIPO UI unavailable","NOT CHECKED: ONRC firm-name availability/reservation","","NOT CLEARED"
"RelayMason","проектирование прочных стыков между исполнителями.","relaymason.com","404: no registration record at check time","2026-09-27T08:57:46.125Z","404","Instagram (generic page; username availability unknown)","2026-09-27T08:39:49.023Z","No rows in TMview UI on 2026-09-27","https://www.tmdn.org/tmview/#/tmview/results?page=1&pageSize=30&criteria=I&basicSearch=RelayMason","No rows in TMview UI on 2026-09-27","https://www.tmdn.org/tmview/#/tmview/results?page=1&pageSize=30&criteria=F&basicSearch=RelayMason","Trade marks (0); No results on 2026-09-27","https://euipo.europa.eu/eSearch/#basic/1+1+1+1/100+100+100+100/RelayMason","NOT CHECKED: OSIM captcha quota","NOT CHECKED: public WIPO UI unavailable","NOT CHECKED: ONRC firm-name availability/reservation","","NOT CLEARED"
"LoopSpindle","веретено собирает повторяющиеся нити в управляемый цикл.","loopspindle.com","404: no registration record at check time","2026-09-27T08:57:46.237Z","404","Instagram (generic page; username availability unknown)","2026-09-27T08:39:49.397Z","No rows in TMview UI on 2026-09-27","https://www.tmdn.org/tmview/#/tmview/results?page=1&pageSize=30&criteria=I&basicSearch=LoopSpindle","No rows in TMview UI on 2026-09-27","https://www.tmdn.org/tmview/#/tmview/results?page=1&pageSize=30&criteria=F&basicSearch=LoopSpindle","Trade marks (0); No results on 2026-09-27","https://euipo.europa.eu/eSearch/#basic/1+1+1+1/100+100+100+100/LoopSpindle","NOT CHECKED: OSIM captcha quota","NOT CHECKED: public WIPO UI unavailable","NOT CHECKED: ONRC firm-name availability/reservation","","NOT CLEARED"
"RouteSpindle","последовательные операции собираются в единый маршрут.","routespindle.com","404: no registration record at check time","2026-09-27T08:57:46.243Z","404","Instagram (generic page; username availability unknown)","2026-09-27T08:39:49.545Z","No rows in TMview UI on 2026-09-27","https://www.tmdn.org/tmview/#/tmview/results?page=1&pageSize=30&criteria=I&basicSearch=RouteSpindle","No rows in TMview UI on 2026-09-27","https://www.tmdn.org/tmview/#/tmview/results?page=1&pageSize=30&criteria=F&basicSearch=RouteSpindle","Trade marks (0); No results on 2026-09-27","https://euipo.europa.eu/eSearch/#basic/1+1+1+1/100+100+100+100/RouteSpindle","NOT CHECKED: OSIM captcha quota","NOT CHECKED: public WIPO UI unavailable","NOT CHECKED: ONRC firm-name availability/reservation","","NOT CLEARED"
"RelaySpindle","передачи между людьми собираются в одну непрерывную цепь.","relayspindle.com","404: no registration record at check time","2026-09-27T08:57:46.263Z","404","Instagram (generic page; username availability unknown)","2026-09-27T08:39:49.819Z","No rows in TMview UI on 2026-09-27","https://www.tmdn.org/tmview/#/tmview/results?page=1&pageSize=30&criteria=I&basicSearch=RelaySpindle","No rows in TMview UI on 2026-09-27","https://www.tmdn.org/tmview/#/tmview/results?page=1&pageSize=30&criteria=F&basicSearch=RelaySpindle","Trade marks (0); No results on 2026-09-27","https://euipo.europa.eu/eSearch/#basic/1+1+1+1/100+100+100+100/RelaySpindle","NOT CHECKED: OSIM captcha quota","NOT CHECKED: public WIPO UI unavailable","NOT CHECKED: ONRC firm-name availability/reservation","","NOT CLEARED"
"OperLattice","решётка связей: операции, зависимости и решения видны как система.","operlattice.com","404: no registration record at check time","2026-09-27T08:57:46.771Z","404","Instagram (generic page; username availability unknown)","2026-09-27T08:39:50.055Z","No rows in TMview UI on 2026-09-27","https://www.tmdn.org/tmview/#/tmview/results?page=1&pageSize=30&criteria=I&basicSearch=OperLattice","No rows in TMview UI on 2026-09-27","https://www.tmdn.org/tmview/#/tmview/results?page=1&pageSize=30&criteria=F&basicSearch=OperLattice","Trade marks (0); No results on 2026-09-27","https://euipo.europa.eu/eSearch/#basic/1+1+1+1/100+100+100+100/OperLattice","NOT CHECKED: OSIM captcha quota","NOT CHECKED: public WIPO UI unavailable","NOT CHECKED: ONRC firm-name availability/reservation","","NOT CLEARED"
"ProcessSpan","перекрыть разрывы между этапами процесса единым управлением.","processspan.com","404: no registration record at check time","2026-09-27T08:57:46.950Z","404","Instagram (generic page; username availability unknown)","2026-09-27T08:39:50.204Z","No rows in TMview UI on 2026-09-27","https://www.tmdn.org/tmview/#/tmview/results?page=1&pageSize=30&criteria=I&basicSearch=ProcessSpan","No rows in TMview UI on 2026-09-27","https://www.tmdn.org/tmview/#/tmview/results?page=1&pageSize=30&criteria=F&basicSearch=ProcessSpan","Trade marks (0); No results on 2026-09-27","https://euipo.europa.eu/eSearch/#basic/1+1+1+1/100+100+100+100/ProcessSpan","NOT CHECKED: OSIM captcha quota","NOT CHECKED: public WIPO UI unavailable","NOT CHECKED: ONRC firm-name availability/reservation","","NOT CLEARED"
"ThreadTrellis","каркас, на котором множество рабочих нитей держит форму.","threadtrellis.com","404: no registration record at check time","2026-09-27T08:57:45.829Z","404","Instagram (generic page; username availability unknown)","2026-09-27T08:39:50.513Z","No rows in TMview UI on 2026-09-27","https://www.tmdn.org/tmview/#/tmview/results?page=1&pageSize=30&criteria=I&basicSearch=ThreadTrellis","No rows in TMview UI on 2026-09-27","https://www.tmdn.org/tmview/#/tmview/results?page=1&pageSize=30&criteria=F&basicSearch=ThreadTrellis","Trade marks (0); No results on 2026-09-27","https://euipo.europa.eu/eSearch/#basic/1+1+1+1/100+100+100+100/ThreadTrellis","NOT CHECKED: OSIM captcha quota","NOT CHECKED: public WIPO UI unavailable","NOT CHECKED: ONRC firm-name availability/reservation","","NOT CLEARED"
"AriadTrace","нить Ариадны + отслеживаемый след: путь задачи виден даже в сложном процессе.","ariadtrace.com","404: no registration record at check time","2026-09-27T08:57:45.965Z","404","Instagram (generic page; username availability unknown)","2026-09-27T08:39:50.941Z","No rows in TMview UI on 2026-09-27","https://www.tmdn.org/tmview/#/tmview/results?page=1&pageSize=30&criteria=I&basicSearch=AriadTrace","No rows in TMview UI on 2026-09-27","https://www.tmdn.org/tmview/#/tmview/results?page=1&pageSize=30&criteria=F&basicSearch=AriadTrace","Trade marks (0); No results on 2026-09-27","https://euipo.europa.eu/eSearch/#basic/1+1+1+1/100+100+100+100/AriadTrace","NOT CHECKED: OSIM captcha quota","NOT CHECKED: public WIPO UI unavailable","NOT CHECKED: ONRC firm-name availability/reservation","ARIAD is an existing brand stem; assess similarity by country/class","NOT CLEARED"
"AriadLoop","нить Ариадны проходит через повторяющиеся циклы и не даёт задаче потеряться.","ariadloop.com","404: no registration record at check time","2026-09-27T08:57:45.948Z","404","Instagram (generic page; username availability unknown)","2026-09-27T08:39:50.852Z","No rows in TMview UI on 2026-09-27","https://www.tmdn.org/tmview/#/tmview/results?page=1&pageSize=30&criteria=I&basicSearch=AriadLoop","No rows in TMview UI on 2026-09-27","https://www.tmdn.org/tmview/#/tmview/results?page=1&pageSize=30&criteria=F&basicSearch=AriadLoop","Trade marks (0); No results on 2026-09-27","https://euipo.europa.eu/eSearch/#basic/1+1+1+1/100+100+100+100/AriadLoop","NOT CHECKED: OSIM captcha quota","NOT CHECKED: public WIPO UI unavailable","NOT CHECKED: ONRC firm-name availability/reservation","ARIAD is an existing brand stem; assess similarity by country/class","NOT CLEARED"
"GateSpindle","контрольные точки собирают множество рабочих нитей в одну последовательность.","gatespindle.com","404: no registration record at check time","2026-09-27T08:57:46.251Z","404","Instagram (generic page; username availability unknown)","2026-09-27T08:39:51.216Z","No rows in TMview UI on 2026-09-27","https://www.tmdn.org/tmview/#/tmview/results?page=1&pageSize=30&criteria=I&basicSearch=GateSpindle","No rows in TMview UI on 2026-09-27","https://www.tmdn.org/tmview/#/tmview/results?page=1&pageSize=30&criteria=F&basicSearch=GateSpindle","Trade marks (0); No results on 2026-09-27","https://euipo.europa.eu/eSearch/#basic/1+1+1+1/100+100+100+100/GateSpindle","NOT CHECKED: OSIM captcha quota","NOT CHECKED: public WIPO UI unavailable","NOT CHECKED: ONRC firm-name availability/reservation","","NOT CLEARED"
"FlowSpindle","веретено как образ управляемого потока повторяющихся операций.","flowspindle.com","404: no registration record at check time","2026-09-27T08:57:46.375Z","404","Instagram (generic page; username availability unknown)","2026-09-27T08:39:51.380Z","No rows in TMview UI on 2026-09-27","https://www.tmdn.org/tmview/#/tmview/results?page=1&pageSize=30&criteria=I&basicSearch=FlowSpindle","No rows in TMview UI on 2026-09-27","https://www.tmdn.org/tmview/#/tmview/results?page=1&pageSize=30&criteria=F&basicSearch=FlowSpindle","Trade marks (0); No results on 2026-09-27","https://euipo.europa.eu/eSearch/#basic/1+1+1+1/100+100+100+100/FlowSpindle","NOT CHECKED: OSIM captcha quota","NOT CHECKED: public WIPO UI unavailable","NOT CHECKED: ONRC firm-name availability/reservation","","NOT CLEARED"
"ProcessLattice","решётка связей показывает зависимости, переходы и решения внутри процесса.","processlattice.com","404: no registration record at check time","2026-09-27T08:57:46.803Z","404","Instagram (generic page; username availability unknown)","2026-09-27T08:39:55.610Z","No rows in TMview UI on 2026-09-27","https://www.tmdn.org/tmview/#/tmview/results?page=1&pageSize=30&criteria=I&basicSearch=ProcessLattice","No rows in TMview UI on 2026-09-27","https://www.tmdn.org/tmview/#/tmview/results?page=1&pageSize=30&criteria=F&basicSearch=ProcessLattice","Trade marks (0); No results on 2026-09-27","https://euipo.europa.eu/eSearch/#basic/1+1+1+1/100+100+100+100/ProcessLattice","NOT CHECKED: OSIM captcha quota","NOT CHECKED: public WIPO UI unavailable","NOT CHECKED: ONRC firm-name availability/reservation","","NOT CLEARED"
"RouteLattice","сеть маршрутов для разных типов задач и исключений, а не один жёсткий сценарий.","routelattice.com","404: no registration record at check time","2026-09-27T08:57:46.672Z","404","Instagram (generic page; username availability unknown)","2026-09-27T08:39:51.829Z","No rows in TMview UI on 2026-09-27","https://www.tmdn.org/tmview/#/tmview/results?page=1&pageSize=30&criteria=I&basicSearch=RouteLattice","No rows in TMview UI on 2026-09-27","https://www.tmdn.org/tmview/#/tmview/results?page=1&pageSize=30&criteria=F&basicSearch=RouteLattice","Trade marks (0); No results on 2026-09-27","https://euipo.europa.eu/eSearch/#basic/1+1+1+1/100+100+100+100/RouteLattice","NOT CHECKED: OSIM captcha quota","NOT CHECKED: public WIPO UI unavailable","NOT CHECKED: ONRC firm-name availability/reservation","Route Lattice is used as a named concept/section on an indexed third-party site","NOT CLEARED"
